{
  "-LZvA9L1zhY0ek9Dnp1b": "{\"Stage1Answer\":1,\"Stage2Answer\":2,\"Stage3Answer\":0,\"Stage4Answer\":2,\"Stage5Answer\":-1,\"Size\":1.2000000476837159,\"Loc\":{\"x\":2.7300000190734865,\"y\":2.929999828338623,\"z\":0.0}}",
  "-LZvAZGSstRrtjkV9dBo": "{\"Stage1Answer\":3,\"Stage2Answer\":0,\"Stage3Answer\":3,\"Stage4Answer\":0,\"Stage5Answer\":-1,\"Size\":1.2000000476837159,\"Loc\":{\"x\":-5.549997329711914,\"y\":1.7500004768371583,\"z\":0.0}}",
  "-LZvB1I9P_n1x6O6bAkH": "{\"Stage1Answer\":2,\"Stage2Answer\":0,\"Stage3Answer\":0,\"Stage4Answer\":2,\"Stage5Answer\":-1,\"Size\":1.0,\"Loc\":{\"x\":-4.799999713897705,\"y\":-5.500002384185791,\"z\":0.0}}",
  "-LZynTlLYvjJ9vuA-Wse": "{\"Stage1Answer\":3,\"Stage2Answer\":2,\"Stage3Answer\":3,\"Stage4Answer\":0,\"Stage5Answer\":-1,\"Size\":1.2000000476837159,\"Loc\":{\"x\":7.190006256103516,\"y\":5.390002250671387,\"z\":0.0}}"
}
